Word,Value
ROOT,inf
Іван,253.439
Ірак,339.958
Америка,249.563
Андрій,177.679
Аня,204.0
Батьківщина,119.263
Бог,127.15
Бога,387.15
Біблія,110.233
Верховна,260.488
Верховна Рада,178.81
Вікторія,235.377
Галичина,168.254
Голота,255.294
Земля,118.046
Карпати,184.063
Київ,140.956
Кучма,187.685
Львів,113.446
Мамай,227.779
НЛО,398.322
Наталя,168.61
Оксана,168.61
Олег,314.177
Росія,177.377
Різдво,165.346
США,198.813
Україна,97.663
України,161.524
Чорнобиль,252.22
Шевченко,272.794
Ющенко,254.185
Японія,249.563
аварія,309.211
авто,251.403
автобус,299.615
автомобілем,266.969
автомобіль,161.031
авторитет,238.685
агресія,299.245
адреналін,317.922
азарт,334.703
акт,141.677
активність,175.344
алкоголь,245.418
алкоголік,191.192
альбом,243.864
амнезія,276.445
ангел,280.891
анекдот,165.631
апарат,355.185
апатія,252.656
апельсин,257.903
аргумент,301.151
армію,753.703
армія,193.333
аромат,232.112
артист,311.664
архітектура,inf
архітектури,inf
аспект,430.278
ау,380.677
баба,191.793
бабуся,198.712
бабусі,305.67
бабця,215.093
багата,215.73
багатий,163.391
багато,161.569
багатство,135.384
багатіти,460.777
бадьорий,317.245
бажана,269.51
бажане,296.155
бажаний,327.087
бажання,130.703
бажано,inf
бажати,189.42
базар,309.211
байдикувати,358.689
байдуже,392.638
байдужий,264.177
байдужо,inf
байдужість,185.322
бал,239.631
балакати,184.835
банан,222.069
баран,92.373
бар’єр,inf
бас,198.141
батька,288.322
батькам,106.527
батьки,140.844
батько,89.692
батьків,179.094
батьківська,148.906
батьківщина,97.663
бачення,178.681
бачити,153.485
бачитися,inf
без причини,196.031
безвихідь,342.822
бездіяльність,310.01
безмежна,181.377
безмежне,126.555
безмежний,151.456
безмежність,140.956
безодня,288.322
безпека,254.45
безробіття,257.277
безталанний,inf
безтурботне,200.049
безтурботність,180.484
безхмарне,117.578
бентежити,inf
бентежитися,inf
берег,210.837
береза,127.891
бесіда,192.749
бик,136.629
бити,325.292
блакитне,112.974
блакитний,204.153
блакить,123.717
ближнього,249.15
ближньому,237.41
ближній,179.094
близька,158.36
близька людина,256.733
близький,100.653
близьким,257.277
близьких,250.901
близько,202.153
близькість,168.61
блиск,269.697
блискавка,293.231
бог,289.417
болить,132.2
болото,99.474
болю,186.044
болюча,231.799
боляче,274.042
боліти,458.492
бомж,182.917
борг,345.9
боротися,567.877
боротьба,177.377
бос,301.151
боягуз,185.322
боягузливий,inf
боязкий,398.322
боязко,222.542
боязкість,133.822
боязнь,102.922
боятись,317.922
боятися,185.322
брак,303.71
бракувати,inf
брат,58.51
брата,273.61
брати,278.567
братися,inf
брехати,256.722
брехню,274.292
брехня,164.01
брехні,318.745
брехун,358.722
бригада,324.302
бридка,232.225
брови,163.245
бруд,86.795
брудна,84.26
брудний,256.722
бувати,inf
буває,207.127
буде,213.48
буденний,168.845
буденність,238.818
будильник,175.912
будинок,93.179
будні,299.096
будь-який,193.472
буйна,358.421
буйний,296.631
було,208.445
бурхлива,207.322
буря,221.245
буряк,182.929
бути,197.817
бути щасливим,294.788
буття,76.4
бухгалтер,225.401
бібліотека,310.672
біг,210.422
бігати,178.11
бігом,inf
бігти,248.777
біда,186.824
біди,246.0
бідний,181.141
бідним,257.277
бідно,inf
бідність,148.917
бідніти,486.402
біду,425.542
біді,727.209
бізнес,221.044
бізнесмен,205.991
бій,177.377
бійка,334.138
бік,232.236
біла,109.167
біле,147.89
білет,368.485
білий,98.403
білити,inf
біло,292.013
біль,132.484
більше,336.677
більшого,279.003
біліти,325.989
в Бога,181.177
в будинку,inf
в біді,237.41
в горах,487.516
в гостях,395.728
в грошах,219.645
в дзеркало,290.875
в домі,281.224
в друга,inf
в друзів,inf
в душі,565.822
в дім,inf
в житті,266.32
в квартирі,inf
в когось,457.591
в комусь,356.979
в коханні,259.313
в людині,inf
в людях,inf
в лісі,157.345
в магазин,279.61
в майбутньому,475.0
в майбутнє,189.231
в міру,406.404
в місті,340.685
в небо,227.909
в небі,184.781
в очах,396.489
в очі,192.373
в роботі,349.01
в родичів,inf
в руках,307.63
в руки,312.233
в світі,inf
в себе,215.51
в селі,365.391
в серце,245.598
в силі,inf
в собі,367.419
в старості,715.322
в університет,185.177
в усьому,204.0
в хаті,289.728
в чомусь,253.979
в щось,306.841
вага,271.931
вагання,273.508
вагатися,276.63
вагомий,281.812
важити,inf
важка,132.069
важке,140.0
важкий,200.931
важко,173.028
важкість,329.903
важлива,238.999
важливе,279.0
важливий,263.358
важливо,334.138
важливість,292.692
вампір,299.572
вантаж,254.181
вапно,312.697
варта,488.591
вартий,inf
варто,344.542
вартувати,inf
вартість,inf
варіант,344.542
вбивство,198.939
вбити,278.377
вболівати,inf
вважати,183.421
вважатися,inf
ввечері,139.709
ввічливий,264.0
ввічливо,314.326
ввічливість,249.477
вгадати,400.544
вголос,211.51
вгору,256.709
вдалині,410.786
вдало,324.925
вдаль,447.167
вдарити,294.542
вдача,296.477
вдень,107.672
вдома,183.728
вдячність,96.477
ведмідь,110.795
везти,569.206
везіння,508.211
велика,99.177
велике,131.57
великий,93.222
великі,125.267
великі очі,257.711
велич,217.461
велосипед,269.51
верба,178.641
верхи,276.901
верховна,262.505
вершина,358.381
весела,188.898
веселе,76.4
веселий,111.349
веселим,410.817
веселити,inf
веселитись,192.906
веселитися,185.872
веселка,217.349
весело,128.877
веселощі,144.281
веселість,128.877
весна,170.513
весною,522.739
весілля,162.177
вечеря,174.042
вечором,423.386
вечоріти,inf
вечір,119.379
вечірка,196.544
вечірній,372.379
вже,224.875
вже було,368.177
взаємне,135.55
взаємність,280.159
взнати,331.877
взуття,146.706
взяти,244.9
взятися,inf
вибирати,inf
вибори,424.802
вибрати,inf
вибух,299.531
вибір,222.758
вивчити,323.199
вигадка,303.667
вигляд,163.387
виглядати,264.433
виглядає,375.741
вигода,419.685
виграти,334.703
виграш,323.349
вигук,174.016
вигукнути,177.677
вигукувати,inf
вигідний,inf
вид,204.0
видно,256.765
вижити,326.533
визнання,390.958
вийти,336.677
вийти заміж,386.503
викладач,92.977
викладача,291.822
виклик,337.845
виконана,223.905
виконання,157.667
виконати,175.5
виконувати,229.0
вимагати,428.979
вимога,253.979
вимогливий,inf
вимогливість,inf
вина,279.4
винахід,350.364
винним,inf
вино,232.138
випадково,503.51
випадок,178.776
випити,323.542
випробовування,334.484
випробування,246.0
вираз,253.182
вираз обличчя,253.182
вирішення,323.519
вирішити,344.542
висловитися,323.199
вислухати,240.388
вислів,188.731
висновок,337.845
висока,186.088
високе,144.807
високий,122.0
високо,206.015
високі,132.5
висота,199.012
висоти,291.822
вистава,175.344
виступ,254.981
витривалість,284.234
витриманий,inf
витримано,inf
витримати,inf
витримка,274.184
витримувати,inf
вихований,216.748
виховання,216.748
вихованість,310.91
вихід,375.51
вихідний,248.442
вища,204.685
вище,272.185
вкрасти,446.9
влада,136.685
владний,inf
владно,inf
владу,380.758
власна,119.064
власний,126.692
власник,111.01
власність,126.692
влучно,388.927
вмерти,169.55
вмирати,197.817
вміло,358.722
вміння,306.1
вміти,225.152
внесок,284.797
вночі,97.572
вовк,53.845
вовка,238.572
вовна,112.845
вогонь,173.211
вода,133.843
воду,157.177
водій,339.167
вождь,316.527
вокзал,267.484
волевиявлення,257.277
воли,219.45
володар,125.296
володіння,inf
володіти,195.919
волосся,114.1
воля,122.758
вона,156.233
ворог,76.377
ворога,252.264
ворогувати,inf
ворогів,275.3
вороже,inf
ворожий,inf
ворожка,225.88
ворон,97.681
ворона,160.869
вороний,67.803
восени,393.209
воїн,249.889
впасти,342.375
впевнений,299.439
впевнено,304.786
впевненість,242.462
вперед,175.344
впертість,187.879
вперше,427.542
вплив,281.01
вражати,inf
вражаючий,378.197
вражений,323.542
враження,308.211
вразити,223.042
вразливий,inf
вранці,169.137
врівноважений,269.891
все,160.0
все одно,225.722
все рівно,235.822
всесвіт,122.289
вставати,270.697
встати,366.906
встид,254.656
всього,212.569
всюди,234.431
всі,379.681
всім,237.41
всіх,231.9
втекти,308.956
втеча,311.422
втома,215.403
втрата,183.234
втратити,425.542
втрачати,400.029
втікати,245.777
вулицю,451.826
вулиця,281.51
вуха,193.092
вухо,186.325
вчасна,96.477
вчасний,inf
вчасно,347.344
вчений,182.544
вчинити,224.199
вчинки,327.758
вчинком,392.542
вчинку,339.958
вчинок,98.439
вчитель,118.26
вчителя,208.677
вчити,225.152
вчитись,193.333
вчитися,158.199
вчора,220.386
вчорашній,313.097
вівця,83.417
від,387.085
від Бога,204.167
від алкоголю,365.43
від батьків,243.752
від болю,433.489
від гніву,499.545
від горя,469.495
від дому,235.015
від душі,222.591
від життя,852.295
від заздрості,372.758
від заздрощів,431.989
від злості,365.43
від когось,227.758
від кохання,263.576
від куріння,407.758
від людей,530.542
від люті,368.177
від мене,269.82
від несподіванки,390.209
від нещастя,359.682
від обов’язків,inf
від обставин,346.323
від побаченого,257.711
від поганого,inf
від почутого,523.542
від радості,361.706
від роботи,550.295
від себе,408.781
від слів,323.542
від сміху,323.542
від сонця,431.989
від сорому,182.929
від спокуси,inf
від старості,306.203
від стиду,255.322
від страху,336.227
від усіх,407.758
від хвороби,311.403
від холоду,365.43
від чого,399.045
від чогось,280.585
від щастя,256.206
від їжі,601.045
відбуватися,540.384
відбутися,400.572
відвага,299.439
відважний,299.499
відверта,197.772
відвертий,163.916
відверто,208.991
відвертість,206.113
відвідати,547.542
відвідувати,410.817
відгомін,310.337
відгук,522.337
віддавати,345.9
віддалитися,inf
віддалятися,inf
відданість,111.26
віддати,278.567
відкрити,372.074
відкритість,226.763
відлуння,380.677
відмова,394.967
відмовити,322.542
відмовитися,inf
відмовляти,inf
відмовлятися,inf
віднестися,395.709
відносини,260.094
відноситись,392.591
відношення,218.844
відомий,305.031
відповідальний,229.0
відповідальність,175.5
відповідати,299.439
відповідний,inf
відповідь,206.147
відповісти,211.826
відпочивати,230.377
відпочинок,129.834
відпочити,208.375
відпустка,343.484
відраза,222.324
відразу,461.199
відстань,242.753
відсутність,279.4
відходити,inf
відчай,207.127
відчувати,223.542
відчуватися,inf
відчути,239.792
відчутний,inf
відчуття,144.244
відьма,306.203
відійти,497.209
віз,98.403
війна,98.821
війни,520.542
військо,113.29
вік,146.427
вікно,141.906
віл,119.545
вільна,200.624
вільний,172.758
вільно,180.15
він,236.322
віра,164.01
вірити,256.591
віритися,inf
вірна,82.09
вірне,123.266
вірний,45.313
вірний друг,99.177
вірно,344.252
вірність,58.51
віру,433.695
вірш,233.337
вітати,290.591
вітер,194.131
вічна,101.844
вічне,60.5
вічний,214.329
вічно,169.55
вічність,64.286
в’язень,272.758
в’язниця,314.084
гавкає,81.677
гадати,175.13
гадка,inf
газета,170.697
газетний,inf
газетяр,inf
гай,128.581
галстук,197.203
гаманець,163.692
гамір,304.0
ганьба,237.322
гарбуз,287.322
гармонія,277.629
гарна,80.858
гарне,183.237
гарний,116.177
гарно,181.655
гаряча,211.843
гаряче,130.831
гарячий,193.939
гасло,318.094
гей,292.263
геній,252.877
герб,266.81
герой,88.891
геть,309.211
гиря,271.931
глибока,202.818
глибоке,222.588
глибоко,320.161
глибокі,195.6
глядіти,inf
глянути,222.542
гнів,120.745
гніватися,inf
гнівний,inf
гнівно,inf
гніздо,266.345
говорити,174.204
говір,inf
говірка,inf
година,174.85
годинник,141.679
голова,89.1
головне,237.177
головний,200.151
головою,243.542
голову,386.742
головувати,inf
голод,227.479
голодний,76.845
голос,172.891
голосний,196.031
голосно,165.291
голуб,139.312
голуба,222.088
голубе,105.476
голубий,188.763
голубі,155.243
гора,210.837
гордо,204.0
гордість,246.0
горе,118.377
гори,184.063
горизонт,151.137
горить,196.011
горло,240.225
горобець,165.845
город,165.67
горілка,219.315
господар,96.725
господарка,163.391
господарство,196.725
господарювати,inf
господиня,146.725
гострий,85.583
гостювати,inf
гості,467.182
готовий,inf
гра,140.0
грати,230.377
графік,522.379
гриб,174.51
гризтися,436.55
гриль,114.165
гроза,193.096
громада,224.802
громадський,inf
громадянин,204.0
грошей,166.669
грошима,452.51
гроші,127.903
грубий,282.045
група,164.138
групу,inf
грім,305.031
гріх,133.931
грішити,inf
грішний,inf
грішно,inf
губи,196.031
губити,422.473
гукати,355.877
гукнути,409.015
гулянка,246.281
гуляти,156.875
гуманний,inf
гуманність,262.929
гумор,160.869
гурт,271.877
гуртожиток,252.24
гуцули,386.016
гучний,196.031
гучно,370.291
гідний,165.439
гідно,557.877
гідність,313.844
гімн,271.019
гірка,189.999
гіркий,172.294
гість,310.337
гітара,291.93
давати,286.91
давно,271.136
давній,234.664
далека,195.631
далеке,218.215
далекий,111.337
далеко,206.015
далечінь,241.981
даль,310.337
дар,293.231
даремно,299.9
дарма,409.015
дармовий,inf
дармувати,inf
дарунок,335.116
дата,inf
дати,389.866
дах,125.156
два,160.51
двері,175.406
двоє,168.377
двір,232.236
де,288.322
дебіл,264.0
деколи,264.807
демократія,261.252
денний,322.379
день,70.697
день народження,256.206
депресія,311.627
депутат,216.641
депутати,451.302
депутатів,455.088
дерева,251.403
дерево,110.974
держава,160.004
держави,243.752
державна,177.485
державний,254.185
державу,inf
десь,278.377
деталь,407.21
дзвін,177.671
дзвінкий,144.281
дзвінко,267.791
дзвінок,263.364
дзеркало,193.747
дзеркало душі,184.3
диван,288.403
дивитись,189.209
дивитися,178.159
дивне,353.244
дивний,280.891
дивно,338.384
диво,308.211
дивувати,323.542
дивуватися,462.683
дикий,54.374
дим,168.845
директор,244.068
дискомфорт,257.824
дискотека,172.129
дистанція,250.822
дитина,102.0
дитини,210.422
дитинство,163.715
дитину,225.533
дитя,321.248
дитячий,inf
дихання,277.756
дихати,197.817
для мене,296.477
дні,inf
до,366.233
до Бога,352.0
до ближнього,144.76
до болю,311.627
до виконання,270.8
до всього,218.989
до всіх,303.653
до життя,163.758
до кого,335.733
до когось,219.745
до кінця,269.51
до людей,179.094
до людини,219.745
до мене,269.82
до мети,364.765
до навчання,312.344
до неба,282.094
до неї,405.153
до нього,540.199
до обставин,inf
до перемоги,163.758
до праці,inf
до роботи,365.177
до себе,262.233
до серця,242.753
до смерті,294.788
до справи,459.077
до тебе,303.653
до уваги,295.4
до успіху,352.0
до цілі,inf
до чого,373.01
до чогось,303.653
до школи,163.977
до інших,366.233
до істини,303.653
добитися,360.199
добра,40.8
добре,133.089
добрий,68.01
добрим,214.201
добро,96.477
добробут,236.884
доброзичливий,335.116
доброзичливо,372.877
доброта,102.0
добрі,248.744
довга,118.734
довге,55.2
довгий,110.697
довго,157.436
довіра,100.71
довіру,419.561
довіряти,249.15
догляд,165.333
договір,244.9
додому,246.0
дозволити,inf
дозволу,348.159
дозволяти,inf
дозвіл,257.077
доказ,197.694
документ,280.891
докір,364.324
долари,168.303
долю,436.55
доля,104.667
долі,379.681
дома,328.67
домашня,47.403
домашнє завдання,217.356
дому,116.725
домівка,174.74
допитливість,205.762
доповідь,318.094
допомагати,187.91
допомога,56.277
допомоги,176.527
допомогти,245.51
дорога,76.4
дороги,130.063
дорогий,176.01
дорогою,292.765
дорогу,260.985
дорослий,203.0
дорослим,350.072
дорослість,315.403
доручення,317.579
досвід,238.322
досвіду,338.21
достаток,186.134
достойний,382.917
досягати,306.1
досягнення,186.088
досягнути,222.088
досягти,334.703
дотепний,254.749
дотепно,325.539
дотик,186.044
дохід,338.167
дочка,122.698
дошка,313.974
дощ,125.763
друг,36.177
друга,96.477
другові,200.51
другом,384.421
другорядне,262.677
другу,208.677
дружба,76.094
друже,217.254
дружина,70.09
дружину,294.788
дружити,264.0
дружня,112.768
дружнє,272.344
дружній,279.052
друзям,106.527
друзі,156.777
друзів,156.777
дуб,116.461
дуже,157.177
дуже добре,269.51
дума,311.627
думати,150.255
думка,84.231
думками,665.777
думки,145.088
думкою,296.419
думку,208.963
думок,212.569
дурак,262.51
дурень,172.891
дурна,134.917
дурне,246.0
дурнем,410.817
дурний,198.939
дурним,410.817
дурницю,286.427
дурниця,278.377
дурниці,214.604
дурня,343.484
дурість,216.917
дуріти,331.877
дух,157.177
духмяний,163.01
духовно,376.391
духом,372.758
духу,477.184
душа,149.074
душевний,277.629
душевно,391.141
душею,269.891
душу,273.792
душі,224.879
дядько,118.26
діалект,207.385
діалог,178.837
дівочий,285.391
дівчата,283.65
дівчина,107.879
дівчини,279.0
дівчину,208.788
дівчині,423.542
дід,155.377
дідо,284.734
дідусь,101.51
дізнатись,419.889
дізнатися,297.71
дійсний,100.891
дійсно,448.992
дійсність,172.891
діло,165.439
дім,74.906
дістати,345.9
дітей,286.377
діти,106.09
дітям,281.51
дію,294.866
діючий,392.391
дія,108.01
діяльність,296.477
діяти,277.199
діятися,inf
діяч,262.968
дії,499.439
егоїст,293.034
екзамен,224.199
екзамену,398.322
екран,257.763
експеримент,384.421
елемент,301.151
емоція,172.51
емоції,172.51
енергію,inf
енергія,324.907
енциклопедія,306.1
етап,350.364
ефект,395.031
ефір,214.133
ехо,244.682
жаба,203.225
жаданий,360.754
жадність,236.884
жалкувати,inf
жаль,166.318
жалість,311.627
жаліти,385.91
жарт,153.749
жартома,inf
жартувати,290.872
жах,105.211
жахатися,inf
жахливий,149.72
жахливо,308.074
жахнутися,inf
жвавий,366.845
жебрак,174.417
жертва,186.417
жест,406.404
жива,68.0
живе,204.0
живий,280.891
живіт,432.057
житель,407.758
жити,127.15
житло,174.74
житній,163.01
жито,inf
життю,165.777
життя,34.0
життям,256.206
жовкнути,inf
жовта,249.881
жовте,107.813
жовтень,155.107
жовтий,150.403
жовтуха,365.403
жовтіти,433.489
жолудь,138.905
жорстока,238.685
жорстокість,244.795
журавель,274.845
журба,172.294
журитися,inf
журнал,193.031
журналіст,330.177
жінка,55.733
жінку,258.955
жіночий,212.057
з,372.877
з ворогом,464.0
з в’язниці,inf
з горя,361.706
з другом,251.786
з друзями,169.477
з дівчиною,303.653
з ким,376.204
з кимось,216.453
з кимсь,373.606
з когось,193.71
з коханим,inf
з коханою,inf
з любов’ю,377.159
з людиною,410.786
з людьми,269.453
з нею,263.576
з ним,373.606
з повагою,342.927
з посади,inf
з приводу,372.877
з півслова,283.442
з радістю,364.0
з роботи,665.777
з розумінням,395.533
з роками,504.322
з рідними,411.21
з тюрми,inf
з усіма,304.0
з хлопцем,314.0
з часом,489.222
з чогось,181.766
за,311.627
за Батьківщиною,202.818
за батьками,298.742
за втраченим,311.627
за вчинки,319.439
за голову,inf
за домом,167.651
за домівкою,352.326
за другом,316.492
за діло,inf
за ким,351.992
за кимось,275.921
за кимсь,202.818
за когось,192.906
за команду,526.159
за кордоном,382.917
за коханим,298.742
за мамою,359.492
за минулим,368.318
за нею,343.484
за ним,237.984
за потрібне,208.546
за роботу,inf
за розум,inf
за руки,411.775
за руку,312.233
за рідними,237.984
за рідних,291.822
за себе,299.9
за справу,inf
за чимось,267.318
за що,492.427
за щось,325.989
забава,195.281
забагато,344.542
забобон,305.67
заборона,234.431
забороняти,436.177
забракнути,inf
забувати,326.695
забуватися,inf
забути,284.742
забутий,243.864
забутися,inf
забуття,226.195
заважати,385.91
завдання,187.057
завжди,128.844
завод,265.15
заволодіти,inf
завтра,197.942
завтрашній,inf
загадка,185.334
загальний,347.481
заговорити,584.291
загубити,386.234
загін,inf
задача,182.942
задоволений,228.243
задоволення,128.877
задум,inf
задуматись,344.542
зажуритися,inf
заздрити,375.51
заздрісний,inf
заздрість,174.51
зайве,256.722
зайнятість,215.403
зайти,409.015
заклад,321.519
заклик,394.967
закон,294.585
закордон,281.417
закохатися,392.591
закричати,267.791
закінчити,406.333
заладнати,inf
залежати,315.752
залежний,inf
залежність,210.252
залишати,436.695
залізо,292.692
залік,337.845
замовкнути,380.677
замовчати,inf
замок,327.758
занадто,344.252
заняття,345.709
запам’ятати,323.199
запас,inf
запах,174.51
заперечити,423.542
заперечувати,inf
запитання,211.269
запитати,252.826
запитувати,430.278
заповітна,141.088
зараз,213.653
заробити,inf
заробляти,201.561
заробіток,179.917
зарплата,165.403
зарядка,438.677
заслуга,397.377
засоромитися,inf
заспівати,inf
заставляти,246.583
засумувати,570.291
засіб,329.903
затишна,121.086
затишний,103.62
затишок,103.62
затужити,inf
зауваження,inf
зауважити,inf
захворіти,600.045
захист,122.0
захмаритися,inf
захоплення,186.05
захоплюючий,348.481
захотіти,inf
захотітися,inf
захід,322.379
захід сонця,281.224
зацікавити,inf
заєць,84.045
збагатити,inf
збагатіти,inf
збайдужіти,inf
збентежений,367.344
збентеження,282.094
збентежити,536.542
збентежитися,737.542
збліднути,449.295
збори,289.1
збрехати,256.591
зброя,188.731
збідніти,inf
збір,462.185
зважити,inf
зверхність,340.685
звеселити,inf
звеселитися,inf
звикати,inf
звикнути,inf
звичай,281.01
звичайний,274.845
звичайно,346.492
звичка,281.01
звичний,inf
звично,inf
зворот,inf
звук,161.087
звуки,213.392
звучати,570.291
звільнений,inf
звільнення,inf
звільнити,inf
звільнитися,inf
звільняти,inf
звільнятися,inf
звір,43.795
звіра,291.822
звістка,205.488
зв’язок,214.133
згадати,243.542
згадка,216.84
згадувати,inf
згода,311.75
згрішити,inf
здатний,456.17
здатність,299.439
здивований,313.844
здивовано,inf
здивування,207.211
здивувати,172.792
здивуватися,323.542
здобувати,inf
здобути,339.958
здобуток,inf
здогад,418.84
здоровий,225.177
здоровим,304.317
здоров’я,186.134
здоров’ям,335.233
здійснення,232.703
здійснити,330.088
здійснювати,358.689
зелена,206.984
зелене,120.641
зелений,119.263
зелено,294.209
зелень,292.063
зелені,171.386
зеленіти,468.989
землею,396.919
земля,103.063
зерно,247.01
зима,107.148
зла,71.177
злагода,211.11
зле,153.485
злидні,167.463
злий,50.177
злим,496.959
злитись,579.177
злитися,368.177
зло,99.074
злоба,197.245
злодій,239.177
злочин,167.431
злочинець,330.177
злякатися,288.322
зліва,207.781
злісно,354.427
злість,95.245
змагання,246.0
змога,312.185
змогти,259.199
зморшки,168.656
змушений,299.833
змій,160.263
зміна,299.439
зміни,354.095
зміст,283.442
змія,220.545
знайомий,87.783
знайомих,383.942
знайомого,397.21
знайомство,350.364
знайти,283.442
знак,168.51
знаний,inf
знання,89.1
знаннями,296.419
знань,338.21
знати,153.485
значення,269.51
значний,332.562
зневіра,inf
зневіритися,inf
зневірятися,inf
зненавидіти,inf
зникати,489.222
знову,393.209
знущання,349.292
зобов’язаний,inf
зобов’язання,143.4
зобов’язати,inf
зобов’язувати,inf
зовнішність,277.951
зовсім,303.653
золота,283.879
золоте,194.131
золото,236.884
золоті гори,inf
зоря,220.879
зорі,94.515
зосереджено,230.238
зосередженість,187.948
зошит,145.192
зрада,74.741
зради,291.822
зрадник,177.377
зрадіти,370.291
зранку,165.459
зробити,158.199
зробити щось,587.91
зробитися,inf
зроблене,296.477
зроблено,234.589
зроблю,331.162
зрозуміти,182.942
зручний,inf
зручно,331.609
зручність,inf
зуб,157.859
зуби,122.845
зупинитись,344.542
зупинитися,458.615
зупинка,324.907
зупинятися,inf
зусилля,259.199
зустріти,301.591
зустрітись,323.542
зустрітися,223.042
зустріч,295.982
зустрічатись,474.733
зустрічатися,488.591
зустрічі,279.932
зі злості,596.222
зі страху,379.739
зізнатися,256.591
зір,159.925
зірка,141.381
зірки,118.734
з’їсти,303.51
його,178.09
йому,388.927
йти,256.765
кабан,94.045
кава,299.572
кажуть,549.252
кажучи,239.591
казати,346.492
казка,157.345
казку,388.927
кайдани,246.0
кайф,286.377
калина,178.641
камінь,212.764
канал,158.664
капелюх,160.869
кара,203.574
карта,292.063
карти,181.1
картина,277.951
картину,356.485
карі,143.808
кар’єра,232.667
катастрофа,309.211
квартира,141.906
квиток,369.576
квіти,181.377
квітка,257.903
кермо,280.836
керувати,246.169
керівний,inf
керівник,233.818
керівництво,254.185
ким,268.817
кимось,251.067
кимсь,299.9
кинути,273.682
кирпатий,187.481
клас,181.377
класна,370.822
класний,247.484
класно,223.042
клен,151.574
кликати,363.091
клич,386.016
кличка,488.01
клопіт,203.0
клоун,137.849
клуб,332.998
ключі,386.742
клятва,264.667
кмітливий,173.5
книга,143.35
книги,161.433
книгою,558.826
книгу,345.9
книжка,132.5
книжки,315.403
книжкою,558.826
книжку,295.4
кобзар,333.96
кобила,64.403
кого,288.322
кого?,387.15
когось,205.275
когут,125.479
кожен,228.154
кожен день,315.403
козак,217.461
козаки,261.695
козел,186.417
колгосп,155.767
колега,269.01
колектив,271.877
коли,292.692
коли треба,370.291
колись,296.155
колишній,345.671
коло,211.11
колір,70.999
команда,354.685
команду,522.074
комедія,265.377
компанію,inf
компанія,212.281
комплекс,288.322
компроміс,394.967
комп’ютер,208.364
кому,223.042
комунізм,254.45
комуніст,254.45
комусь,123.277
комфорт,323.542
комфортний,567.685
комфортно,371.809
комітет,462.185
конспект,317.855
контакт,268.106
контроль,304.01
контрольна,399.942
концерт,371.877
коньяк,477.184
коні,408.879
кора,110.974
коридор,161.569
корисна,155.927
корисний,299.439
корисно,323.542
користування,462.185
користь,259.199
коричневий,81.403
корова,32.974
король,269.891
коротка,170.277
коротке,64.286
короткий,137.364
корупція,254.185
коріння,inf
корінь,204.0
коса,130.212
косметика,256.733
космос,168.956
костюм,142.703
кота,496.71
котик,52.212
кохана,100.948
коханий,157.5
кохання,85.05
коханого,386.234
кохати,187.288
кошмар,288.322
коштувати,inf
коштів,326.71
край,76.063
край неба,inf
краса,78.067
красива,127.979
красиве,189.551
красивий,134.748
красиво,339.15
красти,379.567
красуня,148.079
крах,309.211
краще,231.609
кращий,237.177
кращим,366.906
кращого,224.087
краєвид,161.087
країна,148.063
країни,254.185
країну,283.65
крем,529.855
кривда,198.549
кривий,183.517
криво,301.296
крик,170.995
крикливий,213.679
крикнути,185.791
криниця,296.725
кричати,169.846
кров,130.138
крок,165.439
кроки,299.439
крокодил,288.403
крос,193.726
кросівки,279.61
круг,299.631
кругла,114.507
кругле,192.006
круглий,155.107
кругом,381.11
крісло,300.447
куди,377.159
кудись,328.765
кулак,299.245
культура,465.233
куля,189.1
купити,436.177
кури,213.679
курити,299.465
курка,85.879
куріння,231.352
кут,190.022
куток,168.636
кухня,176.868
кучерява,109.167
кущ,151.574
кілограм,271.931
кілограми,322.681
кількість,195.569
кімната,172.75
кімнату,inf
кінець,130.063
кіно,156.211
кінь,47.403
кіоск,378.13
кіт,28.645
лагідний,135.01
лагідно,304.786
лад,306.1
ладен,inf
ладнати,inf
ладний,inf
ламати,252.689
лампа,121.224
лампочка,106.224
ланцюг,99.177
ласка,156.233
лебедина,88.653
лебідь,164.01
лев,50.974
легенда,inf
легка,260.574
легкий,227.556
легко,188.643
легкість,262.464
ледар,599.638
лежати,252.689
лектор,157.177
лекцію,197.125
лекція,216.592
лелека,152.579
летить,193.978
летіти,232.179
лимон,186.236
липа,131.274
лис,157.345
лисиця,69.045
лист,221.763
листок,153.43
листя,187.596
лиха,154.417
лихий,inf
лихо,207.211
лице,184.451
лоб,252.1
логіка,120.75
логічне,132.171
логічно,191.996
лопата,296.725
лотерея,503.044
лох,281.01
луна,386.016
лунати,inf
любий,173.654
любити,180.15
люблю,273.61
люблячий,157.5
любов,76.094
любові,207.844
людей,184.236
люди,148.17
людина,0
людини,137.833
людиною,228.245
людину,206.833
людині,269.51
людство,242.885
людська,232.138
людське,168.741
людський,173.5
людьми,298.169
людям,196.477
людяний,inf
людяність,226.763
лютий,170.995
лють,160.945
лякати,inf
лякатися,317.922
лякливий,309.211
лячно,155.875
ліва,141.527
лівий,411.157
лідер,267.484
ліжко,137.972
лікар,156.777
лікарня,156.777
ліки,335.484
лінивий,297.844
лінощі,252.656
лінь,210.572
лінія,190.022
ліс,64.74
літак,157.288
літати,228.86
літає,165.845
література,412.211
літо,118.774
ліхтар,181.224
мабуть,340.757
мавпа,51.0
магазин,288.403
магнітофон,250.531
майбутнє,133.095
майбутній,264.0
майданчик,inf
майно,218.253
майном,246.169
мала,111.619
мале,148.17
маленька,114.625
маленьке,200.67
маленький,164.498
малий,208.917
малина,192.391
мало,167.751
малювати,336.089
малюнок,358.689
мама,105.983
мами,314.177
маму,214.65
мамі,253.91
марно,327.763
марніти,489.222
марш,inf
маршрут,461.185
маршрутка,352.615
маса,242.885
маска,277.951
математика,209.01
матері,253.91
матеріал,225.152
матеріально,387.085
мати,75.833
мати1,inf
мати2,inf
матір,156.233
машина,186.088
машиною,260.036
машину,350.169
маєток,196.725
медаль,543.958
межа,239.177
мелодійно,570.291
мелодія,188.898
мене,282.094
мені,156.777
мер,380.322
мертвий,213.679
мета,157.288
метал,216.145
метелик,344.355
ми,274.552
мила,308.879
милий,176.01
милосердя,156.777
минати,inf
минуле,155.195
минулий,310.337
минулого,294.465
минути,inf
мир,190.155
миритися,inf
мислення,114.088
мислити,178.683
мить,104.667
миша,133.512
мишка,168.845
мова,96.885
мовити,370.291
мовлення,222.588
мовний,inf
мовою,218.253
мову,196.485
мовчазний,inf
мовчання,289.417
мовчати,194.404
мовчки,323.088
могти,243.17
могутній,166.961
могутність,244.795
мода,269.01
модерн,286.864
модний,263.409
може,345.519
можливий,inf
можливо,312.185
можливості,228.903
можливість,204.685
можна,237.177
можу,461.199
мозок,79.105
мокра,159.843
мокрий,197.013
мокро,144.126
молитва,334.931
молода,141.379
молоде,129.71
молодець,232.845
молодий,120.177
молодо,inf
молодь,303.71
молодість,152.822
молодіти,504.322
молоко,151.653
момент,246.349
монах,217.349
море,153.343
мороз,292.013
морозива,inf
морозиво,193.479
москаль,278.377
мотор,156.107
моя,89.86
моє,182.67
мої,346.4
мряка,172.75
мрію,369.576
мрія,114.088
мріяти,216.588
мрії,181.703
мудра,111.322
мудре,240.981
мудрий,162.448
мудрим,410.817
мудро,254.383
мудрість,98.143
мужній,157.5
мужність,86.5
мужчина,86.491
музика,174.993
музикою,475.604
музику,177.452
мука,200.151
муки,315.403
мусити,193.333
мучитись,344.228
між собою,410.786
мій,87.653
мікрофон,305.031
міліція,278.377
міністр,344.822
міра,373.431
міркування,inf
міркувати,216.588
міста,289.1
місто,109.67
місце,292.063
місцевість,184.063
міський,354.685
місяць,118.774
місячна,99.0
мітинг,324.802
міцна,186.754
міцне,168.377
міцний,145.318
міцно,314.0
міцність,150.127
міць,138.905
мішок,296.725
м’який,324.263
м’ясо,104.545
м’яч,311.403
на,368.318
на брата,579.177
на вигляд,253.182
на все,324.41
на все життя,259.313
на всіх,447.167
на вулиці,289.728
на вчинок,inf
на допомогу,368.697
на друга,264.177
на душі,191.199
на екзамені,436.733
на життя,256.061
на запитання,219.71
на зборах,inf
на картах,185.814
на когось,146.245
на людей,447.167
на машині,317.282
на мить,940.542
на небо,227.909
на небі,119.293
на нерви,inf
на ноги,339.972
на обличчі,463.822
на очах,453.556
на пари,185.177
на парі,265.377
на питання,223.885
на подвиг,inf
на поміч,416.341
на роботі,160.799
на самоті,349.255
на світ,206.814
на себе,173.028
на слово,306.841
на смак,216.71
на собі,308.125
на сонці,433.489
на уроці,315.483
на шиї,215.504
на щось,347.667
на ім’я,576.091
наближати,inf
наближатися,inf
наблизити,inf
наблизитися,inf
набридло,329.479
навантаження,393.209
наввипередки,245.777
навколо,203.956
навкруги,325.042
навпростець,354.777
навчання,132.5
навіки,259.313
навіщо,389.51
наглість,175.545
нагода,240.519
нагорода,338.167
над життям,259.875
над кимось,296.725
над собою,289.377
над чимось,193.042
надворі,129.409
надзвичайний,330.379
надмірна,258.012
надовго,327.763
надійний,237.177
надійність,86.427
надію,356.485
надія,175.455
надіятись,296.791
надіятися,357.091
надії,284.734
назавжди,111.26
назва,279.4
назвати,inf
назватися,inf
називати,inf
називатися,inf
найгірше,366.01
найдорожча,inf
найкраща,156.233
найкраще,237.177
найкращий,69.677
наказ,274.979
наказати,inf
наказувати,inf
наклеп,364.324
наляканий,409.544
намір,269.01
наодинці,245.492
напад,317.922
написати,323.199
напитися,334.138
наполеглива,144.751
наполегливий,311.595
наполегливо,156.978
наполегливість,315.403
направо,217.353
напруження,346.4
напрям,465.233
напрямок,281.224
напій,367.843
нарада,283.899
наречена,165.268
наречений,172.677
нарешті,330.379
наркоман,369.576
наркотик,280.585
наркотики,225.323
народ,170.552
народження,137.364
народна,208.365
народне,250.225
народний,295.51
народу,225.258
населення,153.47
насмілитися,inf
насолода,190.155
насолоду,308.125
насправді,511.074
настрашитися,inf
настрій,76.885
натиск,inf
натовп,264.802
натхнення,232.667
наука,132.5
науковий,274.818
наукою,487.492
нація,181.402
начальник,249.587
наш,229.0
наша,154.563
наше,279.4
нащо,460.722
не буває,344.252
не буде,322.542
не бути,251.067
не варто,378.375
не виконувати,487.979
не вистачати,inf
не вистачає,343.484
не все,303.51
не вірити,457.591
не вірю,204.167
не говорити,212.071
не горобець,166.338
не добре,294.209
не дуже,280.891
не забувати,461.24
не забути,305.177
не завжди,284.049
не зараз,416.826
не знати,294.209
не знаю,243.595
не любити,239.467
не люблю,265.01
не мати,501.029
не можна,262.052
не на жарт,520.542
не радість,140.564
не робити,252.689
не розумний,235.272
не розуміти,439.384
не свій,122.73
не треба,311.627
не хотіти,299.833
не хочеться,323.199
не хочу,238.322
не я,340.685
не існує,190.155
неба,140.55
небажаний,322.379
небажання,334.703
небажано,278.377
небезпека,143.71
небезпеку,398.783
небеса,191.05
небесна,148.967
небесний,inf
небо,99.161
небокрай,224.096
небуття,117.0
неважливо,336.0
невдалий,254.749
невдаха,389.322
невдача,222.324
невдачу,inf
невдачі,264.177
невеселий,182.182
невесело,194.992
невизначеність,243.595
невинність,204.903
неволя,195.245
невпевнений,378.13
невпевнено,388.927
невпевненість,185.322
невчасно,485.159
невідоме,177.9
невідомого,386.0
невідомість,206.762
невірно,inf
негайно,356.979
негр,160.869
недалеко,252.903
недарма,inf
недобре,158.199
недобрий,73.955
недовго,317.922
недовіра,231.344
недовіряти,457.591
недолік,406.637
недосяжність,282.181
недруг,87.009
недійсним,208.546
незабутній,292.063
незадоволення,335.484
незалежна,202.804
незалежний,197.758
незалежність,143.252
незвичайний,345.512
незвичний,333.641
незвично,439.384
нездара,287.322
нездійсненна,150.088
незнайомець,288.322
незнайомий,139.455
незнання,143.35
незрозуміле,283.442
незручний,inf
незручно,291.209
незручність,287.05
неймовірне,374.878
неймовірний,inf
нелюб,183.75
нема,116.11
немає,163.245
неминуче,275.545
неминучість,303.667
немовля,130.857
неможливе,221.152
неможливий,277.629
неможливо,332.185
ненавиджу,265.01
ненавидіти,221.55
ненависть,120.745
необхідна,208.01
необхідне,197.6
необхідний,270.8
необхідно,257.262
необхідність,152.571
неповага,231.344
непоганий,382.917
непокоїти,526.694
непотріб,299.439
непотрібна,208.677
непотрібне,409.211
непотрібний,310.337
непотрібно,349.255
неправда,173.192
неправду,192.568
неправильний,299.439
неправильно,291.866
неприязнь,177.377
неприємна,282.045
неприємне,278.377
неприємний,174.51
неприємно,222.542
неприємності,425.542
неприємність,151.324
непроханий,343.837
нерви,110.938
нервовий,92.977
нервувати,368.177
нервуватися,368.177
нероба,466.177
нерозумний,212.564
несміливий,287.322
несподіванка,212.377
несподівано,317.922
неспокій,249.779
несправедливість,246.0
нестача,339.958
нестерпна,233.984
нестерпний,308.956
нести,202.028
нестриманість,321.745
нестримна,282.094
неуважність,262.233
нецікаво,331.51
нещасливий,360.127
нещасний,223.141
нещастя,119.488
нове,270.697
новий,137.364
новий день,158.245
новина,181.377
новинами,505.326
новини,193.031
новиною,409.211
новину,209.642
новосілля,inf
новітній,inf
нога,115.277
ноги,159.085
номер,200.692
норма,257.277
нормальна,273.61
нормальне,328.67
нормальний,279.0
нормально,234.589
ностальгія,237.984
ночі,208.084
нудний,168.845
нудно,211.826
нудота,335.263
нудьга,272.794
нюх,187.481
ні,222.542
ніж,198.138
ніжна,178.09
ніжний,225.045
ніжно,331.877
ніжність,144.76
нікого,293.217
ніколи,264.807
нікому,357.091
німий,215.604
нірвана,276.445
ніс,155.767
ніч,74.334
нічний,317.855
нічого,286.322
ніщо,279.4
ніяк,323.199
ніякий,168.845
ніяково,337.927
ніяковіти,664.297
обачність,323.199
обдумати,243.209
обдумувати,252.421
обдурити,297.591
обережно,376.699
обережність,278.377
обличчя,167.451
обман,186.455
обманювати,271.294
обмеження,303.71
обмовляти,inf
обміркувати,243.542
обов’язки,244.9
обов’язкова,242.844
обов’язковий,229.0
обов’язково,290.762
обов’язковість,315.403
обов’язку,172.51
обов’язок,122.0
ображатися,683.677
образ,178.031
образа,175.545
образи,349.255
образити,423.542
образу,299.439
обряд,291.16
обрій,144.504
обставини,488.05
обід,120.697
обійстя,264.391
обіцянка,193.333
обіцянку,352.742
обіцяти,inf
об’єднання,244.01
об’єкт,366.233
овоч,342.679
огида,304.725
один,211.826
один одного,320.683
одна,102.0
однаково,466.177
одногрупник,306.203
одруження,229.0
одружити,inf
одружитися,inf
одружувати,inf
одружуватися,inf
одяг,133.512
озеро,211.843
озлитися,inf
ой,187.266
ой!,227.016
океан,195.83
око,157.581
окуляри,229.767
олівець,150.403
опора,109.51
опіка,153.162
опір,228.808
оратор,251.427
орган,127.095
організація,311.627
організм,204.0
орел,137.532
освіта,125.267
освіти,445.667
освітлювати,inf
освіту,345.958
осел,187.879
оселитися,inf
оселя,97.24
оселятися,inf
основа,256.733
основне,305.177
основний,233.818
особа,40.8
особистість,22.667
особливий,311.692
особливість,495.692
острах,288.322
острів,309.063
осінь,193.096
оточуючих,426.042
отримати,358.077
отримувати,345.9
отрута,299.245
охоче,inf
охочий,inf
оцінка,276.147
оцінки,306.1
оцінку,537.877
очолити,inf
очолювати,inf
очорнити,inf
очі,139.1
очікування,185.322
павук,288.322
падати,296.334
палати,inf
палає,211.211
палець,176.527
палка,179.094
палко,283.65
пальці,127.527
пам’ятати,418.84
пам’ятка,inf
пам’ятний,inf
пам’ятник,271.432
пам’ять,204.765
пан,196.725
паніка,150.989
папір,141.003
пара,114.244
пари,133.047
парк,292.063
паркан,274.51
парламент,182.399
парта,254.45
партію,inf
партія,354.685
парубок,147.377
патріот,269.51
паузу,inf
пахнути,223.042
пацан,292.692
пекло,167.431
пекучий,230.211
пень,255.127
перевага,306.1
перевірити,392.638
перевіряти,611.015
переглянути,291.138
перед,150.989
перед Богом,288.322
перед екзаменом,402.9
перед кимось,211.067
перед кимсь,211.067
передбачення,303.667
передчуття,373.294
переживання,158.233
переживати,271.633
пережити,364.324
переконання,232.677
переконувати,283.921
переляк,102.922
переляканий,inf
перелякати,inf
перелякатися,322.542
перемагати,308.074
перемога,181.377
перемогти,334.703
перемогу,350.694
переможець,inf
переставати,inf
перестати,inf
перехожий,351.225
перець,182.929
перешкода,412.422
перешкоди,inf
переїзд,459.077
перспектива,312.185
перше,186.05
перший,165.346
першим,501.572
період,270.697
пес,38.722
печаль,132.484
пече,201.711
печера,269.51
пиво,269.01
пильно,227.909
писати,358.689
письменник,330.177
питання,215.278
питати,392.591
пити,192.343
плавати,282.65
плакати,177.422
плакуча,197.004
план,303.667
планета,120.23
плаття,274.845
плач,161.531
плащ,122.803
плід,313.974
плітка,334.931
плітки,268.106
по колу,228.86
по любові,inf
по телефону,251.786
по імені,inf
по-доброму,447.51
по-злому,467.61
по-людськи,402.288
по-справжньому,258.955
побажати,inf
побаченим,375.292
побачення,208.375
побачити,297.71
побачитися,inf
побоювання,inf
побоюватися,inf
побоятися,inf
побратим,inf
побувати,inf
побути,inf
побігати,inf
побігти,inf
побілити,inf
побіліти,399.045
повага,130.292
повагу,407.958
поважати,387.15
поважний,317.855
поведінка,336.089
повезло,605.544
повернути,408.781
повинен,229.0
повинність,193.333
повна,175.545
повний,125.586
повністю,488.742
поводитись,191.199
поводитися,174.699
поворот,308.281
повстання,438.818
повсякденний,317.245
повідомити,389.591
повідомлення,289.877
повільна,296.334
повільно,248.777
повірити,360.199
повір’я,inf
повітря,200.67
погана,163.245
погана погода,274.845
погане,125.199
поганий,68.01
поганий вчинок,234.431
поганий настрій,299.245
поганим,384.421
погано,125.199
погляд,136.481
поглядом,273.792
поглянути,346.492
поговорити,336.089
погода,159.429
погодитись,549.252
погодитися,423.542
погостювати,inf
погуляти,296.155
подарунок,223.042
подвиг,299.439
подвір’я,264.391
подив,215.994
подивитись,256.709
подивитися,248.167
подих,296.631
подобріти,inf
подолати,326.533
подорож,281.949
подорожувати,419.685
подруга,81.11
подруги,308.074
подругу,426.042
подружжя,100.71
подрузі,281.51
подумати,142.542
подію,449.542
подія,138.639
подіями,472.844
подіяти,inf
подіятися,inf
подією,346.542
події,353.244
поет,391.654
пожалкувати,inf
пожаліти,inf
пожартувати,inf
пожежа,249.211
пожовкнути,inf
пожовтіти,702.545
позаздрити,inf
позеленіти,499.545
позитивно,391.683
покарання,334.931
поклик,386.016
покликання,346.4
покликати,inf
покора,353.244
покохати,392.591
поле,137.67
полегшення,268.106
полон,339.958
полум’я,201.711
полюбити,462.591
політ,172.479
політик,318.461
політика,193.885
помагати,inf
помалу,472.765
помаранчевий,inf
померти,246.0
помилка,200.931
помилки,358.689
помилку,208.699
помирати,322.542
помисел,188.731
помислити,inf
помогти,385.91
помолодіти,inf
помста,318.745
помідор,139.361
помідори,inf
поміркувати,209.875
помітити,376.028
поміч,138.344
помічний,inf
понеділок,270.697
пообіцяти,inf
порада,103.177
поради,292.626
порадити,290.591
порадник,121.116
пораду,227.51
поразка,212.234
поразки,364.324
поразку,363.283
портфель,306.203
поруч,237.177
порядний,264.0
порядність,250.874
порядок,136.725
порятунок,257.277
посада,273.822
посадовець,inf
посвітліти,inf
посивіти,600.045
посиніти,inf
послати,373.042
послуга,257.277
послухати,290.042
послухатися,inf
посміхатись,299.572
посміхатися,256.877
посміхнутись,290.591
посмішка,128.877
посміятися,inf
пост,330.177
поставитися,inf
постаріти,651.295
постріл,334.138
поступ,356.485
поступити,415.183
поступок,138.639
постійно,216.588
посіріти,inf
поталанити,742.015
потемніти,651.295
потерпати,inf
потерпілий,inf
потерпіти,inf
потреба,150.979
потребувати,356.979
потрібна,156.777
потрібне,197.6
потрібний,270.8
потрібно,252.476
потрібність,257.277
потурбувати,451.826
потурбуватися,inf
потяг,256.733
потім,342.822
пофіг,434.038
похмурий,232.236
похмуро,245.492
похорон,306.203
поцікавитися,inf
поцілунок,189.542
початок,147.645
почервоніти,298.545
почорніти,449.295
почувати,234.589
почуватись,174.699
почуватися,164.799
почути,189.542
почутися,inf
почуття,101.844
почуттів,302.477
пошепки,219.986
пошта,397.345
пошук,154.821
пощастило,742.015
пощастити,742.015
пояснення,383.942
поїзд,251.403
поїздка,414.252
поїсти,336.089
поїхати,246.615
права,121.527
правда,179.549
правди,279.003
правдива,293.231
правдивий,192.45
правдиво,290.591
правду,184.304
правий,406.637
правила,333.5
правило,277.977
правильна,136.481
правильне,168.338
правильний,165.439
правильно,205.755
правити,340.685
право,229.0
прагнення,198.703
прагнути,386.503
прапор,160.107
працьовитий,294.178
працювати,130.228
працюватися,inf
працюючий,inf
працює,296.725
праця,127.167
працівник,232.667
предмет,184.199
президент,177.485
президента,310.981
прекрасна,204.0
прекрасне,76.4
прекрасний,203.956
прекрасно,233.15
преса,220.947
прибирати,385.91
прибуток,281.417
привид,288.322
привикати,484.01
привикнути,666.591
привичка,inf
привіт,335.116
привітати,330.191
пригадати,346.542
пригода,423.386
приз,289.377
признатися,315.856
прийде,248.442
прийняти,330.191
прийти,313.206
прийшов,345.709
приказка,inf
приклад,121.26
прикол,360.127
прикольно,334.931
прикро,364.324
прикрість,203.574
прилад,409.875
примус,193.333
примусити,406.333
примусовий,263.833
примушувати,inf
приниження,257.277
природа,119.004
природи,304.0
прислів’я,inf
пристрасть,159.846
пристрій,inf
приступ,inf
приходити,611.015
прихід,438.0
причина,262.677
приятель,136.677
приємна,182.069
приємне,196.494
приємний,189.712
приємно,122.542
приємність,146.377
про,249.755
про батьків,299.9
про все,243.542
про дітей,175.983
про життя,209.875
про здоров’я,264.567
про когось,193.733
про майбутнє,182.942
про маму,282.233
про минуле,242.715
про погане,359.091
про себе,243.542
про щастя,252.088
про що,344.542
про щось,176.209
проблема,204.574
проблеми,140.0
проблему,462.683
пробудження,211.245
провести час,196.544
провина,313.844
провину,322.712
програміст,273.61
програти,288.322
прогрес,306.1
прогулянка,299.965
продавець,295.712
продукт,350.364
продукти,329.479
прожити,355.877
прозора,148.468
прозорий,182.041
пройти,525.088
пройшло,208.445
прокинутись,428.727
прокинутися,299.572
пролунати,inf
промова,240.981
промовити,218.094
промовляти,388.927
промову,243.094
промовчати,380.677
промінь,114.557
пропозиція,389.875
просити,331.609
простий,284.482
просто,256.733
просто так,459.515
простір,163.758
протидія,136.868
професор,189.577
професія,188.345
прохання,307.577
проходити,inf
прохолода,235.131
процес,310.01
прочитати,218.638
проїзд,522.379
прямий,177.967
прямо,290.875
прямувати,inf
прізвище,244.795
прірва,326.695
птах,132.679
птахи,291.93
пташка,173.29
пташку,496.71
птиця,125.479
пунктуальний,438.0
пусто,346.492
пустота,250.901
пута,421.252
пух,343.484
пшениця,167.01
півень,105.679
підвал,196.902
піджак,197.203
підлеглий,339.167
підлий,198.939
підло,291.866
підлога,309.063
підлість,140.045
підняти,240.695
підняти настрій,355.877
піднятися,360.199
підприємство,315.503
підробка,323.199
підручник,348.481
підсвідомість,271.024
підступний,177.377
підтримка,106.527
підтримувати,462.683
підтюпцем,301.777
підходити,405.153
підійти,405.153
під’їзд,232.236
пізнавати,inf
пізнання,279.0
пізнати,336.089
пізно,174.042
пізній,224.879
пізніше,441.177
пік,190.192
піклування,139.118
піклуватися,271.633
пір’я,114.165
пісню,163.227
пісня,164.565
пісні,168.577
пісок,257.903
піст,329.479
піт,338.167
піти,389.51
пішки,149.616
п’яний,354.849
п’янка,224.879
п’ятниця,238.342
раб,243.129
рабство,212.434
рада,254.185
радий,253.182
радити,173.51
радо,290.591
радості,207.844
радіо,204.078
радісна,212.377
радісне,277.951
радісний,137.849
радісно,157.877
радість,76.377
радіти,150.706
разом,168.377
рай,282.094
рак,165.179
рана,155.04
ранковий,inf
ранком,388.927
ранній,153.212
рано,303.71
ранок,105.245
раптовий,210.422
раптово,409.211
раптом,257.277
реагувати,395.709
реакція,299.531
реальний,91.891
реально,482.697
реальність,172.891
революція,inf
регіон,148.063
регіт,127.031
режим,422.379
результат,209.01
рейс,250.3
реклама,237.697
ректор,438.818
релігія,181.177
ремонт,375.74
репутацію,602.029
речення,151.409
речі,312.233
риба,244.795
ризик,400.599
ринок,198.939
риса,296.477
робити,146.689
робити щось,376.699
робитися,479.042
робота,115.403
роботи,263.569
роботу,159.16
роботяга,251.403
роботящий,222.045
робочий,268.167
робітник,241.928
роги,142.323
родина,105.61
родинний,inf
родич,111.931
родичі,202.818
родичів,310.337
родовід,246.0
родюча,128.813
рожевий,225.469
розвага,230.377
розваги,195.281
розважатися,255.872
розвиднятися,inf
розвиток,173.5
розгніватися,490.427
розгубленість,288.322
роздратування,299.245
роздум,309.875
роздуми,153.897
роздумувати,231.933
розказати,286.427
розказувати,275.204
розклад,438.0
розлука,207.127
розмова,162.606
розмовляти,198.786
розмовою,426.042
розмір,225.277
розмірковувати,249.755
розпач,284.734
розповідати,270.777
розповідь,252.261
розповісти,388.927
розпорядок,347.379
розсердитися,556.094
розсміятися,inf
розсудливо,324.088
розум,68.0
розумна,22.667
розумне,186.421
розумний,147.377
розумним,366.906
розумно,214.183
розумом,269.891
розуму,352.917
розуміння,202.21
розуміти,249.683
розчаровуватися,inf
розчарування,237.177
розчаруватися,523.542
рок,171.0
роки,203.489
роман,284.581
романтика,126.373
ропуха,232.225
роса,153.212
рослина,119.545
рот,161.531
рудий,inf
рука,106.527
рукав,465.157
руками,345.9
руки,312.233
руку,312.233
рутина,182.069
рух,124.844
рухатись,231.4
рухатися,248.777
ручка,316.527
ручку,312.233
рушник,252.225
ряба,98.254
ряд,254.185
рівний,221.367
рівно,340.375
рівновага,224.879
рід,181.914
рідина,155.115
рідко,263.576
рідкість,237.177
рідна,73.61
рідне,110.67
рідний,70.51
рідних,249.15
рідня,87.653
рідні,175.944
різко,399.439
різна,282.094
різне,312.344
різний,270.697
різні,207.844
рік,192.127
ріка,250.843
річ,215.093
річка,153.343
річчю,396.919
рішення,343.442
рішуча,209.01
рішуче,302.074
рішучість,209.01
сад,141.906
садок,218.215
садочок,381.715
сало,86.795
сам,226.128
самого себе,419.889
самогубство,274.949
самому,322.542
самостійність,210.252
самота,207.127
самотній,206.355
самотність,172.294
сваритися,543.667
сварка,202.21
светр,133.153
свиня,69.045
свобода,130.958
свобідний,212.758
своя,211.11
своє,279.181
свята,269.51
святе,211.11
святий,209.677
свято,146.377
священик,402.45
свідок,222.45
свідомий,inf
свідомо,597.967
свідомість,260.574
свіжий,144.344
свіжість,235.131
свій,89.692
світ,98.956
світанок,119.379
світати,inf
світає,211.245
світило,158.964
світити,inf
світитися,inf
світить,109.731
світла,153.897
світле,140.988
світлий,110.697
світло,81.224
світлофор,221.763
світліти,inf
світогляд,188.731
світом,396.919
світу,189.847
свічка,294.209
сеанс,362.379
себе,205.275
секрет,388.927
секс,125.45
села,184.063
селитися,inf
село,95.67
селянин,188.641
семінар,399.439
сенс,223.142
сердечний,inf
сердитий,157.177
сердитись,299.245
сердитися,474.677
сердито,286.427
середа,213.653
серйозний,299.439
серйозно,344.542
серйозність,278.377
серце,113.907
серцем,228.116
серця,233.984
сестра,63.61
сестру,356.485
сесія,361.706
сивий,202.627
сивина,238.322
сивіти,540.989
сигарети,263.002
сидіти,210.228
сил,inf
сила,74.667
сила волі,296.74
сили,353.244
силою,345.9
силу,342.292
сильна,136.527
сильне,152.384
сильний,149.46
сильним,304.317
сильно,221.55
символ,215.307
син,112.248
сина,388.549
синька,395.43
синя,191.05
синява,inf
синяк,259.43
синє,107.661
сині,164.211
синій,153.43
синіти,inf
сир,251.403
ситуацію,254.985
ситуація,310.01
сказав,314.683
сказано,264.433
сказати,183.927
сказати правду,450.297
скандал,250.531
скарб,207.385
складне,246.0
склероз,259.695
скорбота,202.818
скоро,344.542
скромний,406.404
скромність,286.76
скупий,216.641
слабкий,287.322
слабкість,253.322
слабість,219.745
слава,253.377
славу,346.139
слова,138.164
словами,426.042
словник,311.627
слово,136.481
словом,248.417
слон,220.545
службовець,294.585
служити,358.895
слух,195.348
слухати,172.792
слухатися,inf
слухач,272.758
слухняний,289.417
слушно,281.51
сльози,121.627
слів,355.46
сліпий,288.322
смак,193.479
смачна,133.325
смачний,157.41
смачно,141.171
смерть,50.308
смерті,123.522
сморід,251.403
смуток,92.531
сміливий,287.322
сміливо,290.209
сміливість,288.322
сміти,inf
сміх,92.531
смішити,394.872
смішний,217.349
смішно,196.544
сміятись,169.477
сміятися,157.877
сніг,102.013
сніданок,211.245
собака,29.177
собаки,269.51
собаку,367.419
собою,206.498
собі,128.844
совість,204.0
сокіл,147.986
солдат,262.51
соловей,199.012
соловейко,291.93
солов’їна,152.135
солов’їний,218.001
солодка,193.479
солодке,227.479
солодощі,246.281
сон,87.392
сонце,88.631
сонцю,221.039
сонячний,110.697
сонячно,241.709
соняшник,222.069
сорока,199.012
сором,185.322
соромитись,235.132
соромитися,236.297
соромно,286.427
сором’язливий,450.297
сором’язливість,321.26
спалах,204.597
спати,102.752
спитати,319.159
сповідь,184.181
спогад,190.965
спогади,172.945
споглядати,277.659
сподівання,237.177
сподіватися,457.591
спокуса,174.131
спокій,172.129
спокійна,268.106
спокійний,239.177
спокійно,294.209
спомин,261.695
спорт,191.644
спортсмен,245.777
спостерігати,217.959
спосіб,281.01
справа,198.599
справами,315.503
справджувати,inf
справдити,inf
справді,inf
справедливе,297.385
справедливий,299.439
справедливість,296.477
справжнє,287.05
справжній,64.891
справжнім,228.245
справи,270.697
справою,587.91
справу,170.245
спрага,192.343
сприймати,290.875
сприйняти,449.255
сприйняття,213.91
спринт,260.922
спроба,247.685
спробувати,395.292
спромагатися,inf
спромогтися,inf
спроможний,inf
спрямувати,inf
спів,188.43
співак,351.364
співати,157.877
співає,159.679
співрозмовник,219.998
співрозмовника,462.683
співучий,inf
співучо,inf
співчувати,385.91
співчуття,199.984
спілка,291.135
спілкування,109.163
спілкуватись,189.542
спілкуватися,162.742
спільний,inf
спільнота,224.802
спільність,202.21
стабільність,296.725
ставати,355.877
ставатися,inf
ставитись,323.199
ставитися,323.199
ставлення,207.844
стадо,260.845
стадіон,211.944
стало,172.542
стан,200.97
стан душі,296.155
стандарт,380.845
становище,329.903
стара,184.379
старанний,283.728
старанно,173.028
старання,415.183
старанність,312.983
старатись,419.561
старатися,436.177
старий,150.127
старший,109.51
старшим,237.41
старших,384.421
старість,133.822
старіти,468.989
стати,299.572
стати кращим,inf
статися,694.042
стаття,204.197
статус,355.185
стать,157.5
стаціонар,340.561
стежка,246.0
стелю,inf
стеля,275.906
степ,306.203
стид,196.878
стидатись,271.964
стидно,289.322
стиль,251.278
стипендія,354.849
стихія,211.211
стовбур,102.103
стовп,313.974
столітній,145.318
стоп,366.01
сторож,134.177
сторона,247.981
стосунки,197.61
стояти,224.709
страждання,149.401
страждати,316.492
страх,82.322
страху,186.044
страшити,768.094
страшитися,inf
страшна,146.245
страшне,168.741
страшний,122.845
страшно,122.542
стрес,436.55
стрибати,211.944
стриманий,358.377
стримано,415.183
стриманість,269.51
стримати,inf
стриматися,inf
строгий,328.229
строгість,470.185
струнка,174.879
стріла,219.407
студент,166.559
стурбований,365.342
стяг,342.679
стіл,97.326
стілець,306.203
стіна,264.0
стіни,379.739
стіну,inf
субота,170.697
суверенітет,243.752
суворий,292.692
суд,128.656
суддя,402.151
сукня,308.879
сум,102.627
сумка,335.733
сумку,312.233
сумлінний,275.267
сумлінно,165.895
сумління,313.844
сумна,237.984
сумний,146.682
сумно,144.492
сумнів,354.72
сумувати,245.492
суп,281.01
супер,282.094
суперник,inf
суспільний,335.1
суспільство,204.0
сусід,168.51
сусіда,256.722
сусіди,239.177
сусідити,inf
сусідка,210.91
сусідній,inf
сусіду,447.51
сусідів,323.349
суть,211.656
сутінки,172.129
сучасний,243.864
сучасність,351.063
схвильований,322.542
схвилювання,inf
схвилювати,inf
схвилюватися,inf
схід,151.137
схід сонця,211.245
сьогодення,inf
сьогодні,191.209
сьогоднішній,270.697
сюрприз,274.545
сяйво,181.224
сік,315.403
сіль,151.01
сільська,282.045
сільське,207.988
сільський,375.985
сімейний,336.0
сім’я,86.073
сім’ї,278.377
сіра,212.642
сіре,229.914
сірий,62.845
сірість,226.763
сіріти,inf
сісти,314.326
табір,330.088
так,258.647
талан,inf
таланити,529.015
талановитий,252.877
талант,279.0
там,307.515
танець,204.903
танцювати,220.872
тато,100.653
таємницю,366.21
таємниця,279.4
тварин,368.318
тварина,18.545
тварини,321.745
твердий,183.794
твердо,457.591
тверезо,249.683
творити,196.477
твоя,296.334
твій,134.092
твір,268.606
театр,136.868
тебе,241.038
текст,371.697
телевізор,165.459
телефон,206.355
тема,283.442
тембр,223.391
темна,83.584
темне,308.074
темний,126.236
темно,88.209
темнота,88.209
темноти,291.822
темніти,382.222
темніє,242.709
темрява,102.084
темряви,204.686
тему,249.942
темінь,224.879
тепер,330.177
теперішнє,261.695
теперішній,216.692
тепла,198.138
теплий,172.344
тепло,97.805
теплота,179.094
терези,425.758
територія,215.73
термін,237.177
тернистий,159.273
терпець,inf
терплячий,inf
терпіння,233.984
терпіти,322.542
тест,334.138
тече,151.843
ти,278.377
тигр,52.932
тиждень,217.349
тимчасово,322.542
тиск,262.464
тиха,185.334
тихий,140.479
тихо,179.934
тихі,126.373
тиша,182.176
тишина,202.272
тобі,349.01
товар,282.045
товариство,237.177
товариш,54.45
товариша,347.344
товаришу,281.51
товаришувати,330.667
тон,273.891
тонкий,223.391
тополя,inf
торба,264.0
тормоз,346.677
торт,329.479
тортури,497.591
точка зору,241.981
точно,282.045
трава,135.032
травма,233.984
трагедія,309.211
традиція,286.81
традиції,314.844
трамвай,315.403
транспорт,328.67
траплятися,509.233
трапляється,282.045
треба,223.762
тремтіння,309.211
тремтіти,398.322
трибуна,282.981
тривога,207.127
тривожити,590.594
тримати,296.419
триматися,385.15
тролейбус,387.55
трохи,402.45
труд,179.917
труднощі,359.682
труп,294.829
трус,236.322
туалет,224.065
туга,132.484
туди,412.422
тужити,316.492
тужливий,inf
туман,105.245
тунель,121.224
тупий,217.349
тупо,315.403
тупість,264.177
турбота,122.733
турботливий,inf
турбувати,484.094
турбуватися,229.233
тут,252.903
тьма,279.4
тюрма,272.758
тягар,206.295
тяжка,153.542
тяжке,104.667
тяжкий,184.181
тяжко,184.969
тяжкість,257.277
тікати,275.906
тіло,151.944
тілом,324.542
тінь,92.988
тісний,308.956
у біді,286.91
у всьому,338.236
у війні,289.377
у вікно,234.601
у вічі,217.959
у друзів,inf
у житті,296.155
у коханні,152.313
у майбутнє,241.981
у почуттях,335.116
у роботі,385.91
у родичів,inf
у світі,279.4
у себе,289.728
у собі,inf
у справах,452.51
у справі,385.91
у чомусь,411.21
убір,216.984
увага,158.233
уваги,383.979
увагу,480.567
уважний,262.233
уважно,189.638
уважність,262.233
увірвався,inf
удар,193.467
удача,369.576
ужас,207.211
указ,345.979
укол,233.984
українець,192.45
українська,101.219
український,182.608
улюблений,199.5
умови,338.167
універ,364.765
університет,143.35
управляти,272.169
управління,354.685
ура,197.977
ура!,218.277
урвався,inf
урок,197.501
уроки,197.6
уряд,153.685
урядовець,inf
усвідомити,349.255
усвідомлення,273.61
усвідомлювати,292.283
усе,225.152
усміх,323.349
усміхнений,210.182
усміхнутися,256.591
усмішка,146.377
успіх,286.377
успіху,258.753
устрій,267.004
усім,257.277
усіх,415.074
участь,288.667
учень,189.577
учитель,336.318
уява,323.088
уявити,inf
уявляти,269.838
уяву,661.594
факт,234.45
фантазія,150.088
фарба,288.403
фарбувати,540.989
фарт,190.155
фартух,188.925
фатум,116.373
фах,316.75
ферма,220.545
флегматик,346.677
фольклор,274.065
фортеця,97.24
фортуна,296.155
фото,311.627
фотографія,304.765
фраза,388.927
фрукт,281.01
фрукти,224.753
футбол,170.277
фігня,265.01
фізика,314.683
фізкультура,218.71
філософія,101.775
фільм,107.973
фірма,315.503
фірму,inf
хабар,312.233
хазяйка,178.09
хазяйнувати,inf
хазяїн,121.725
халепа,177.949
халява,315.403
хам,175.545
хаос,308.956
характер,168.51
характеру,335.263
харч,310.337
хата,88.306
хату,540.989
хвилина,270.697
хвилювання,229.233
хвилювати,555.094
хвилюватись,335.233
хвилюватися,335.233
хвилюючий,inf
хвиля,296.155
хворий,257.903
хворим,384.421
хвороба,166.318
хворого,335.484
хворіти,323.199
хвіст,99.177
хижак,74.545
хижий,68.92
хитрість,157.345
хлоп,244.795
хлопець,103.177
хлопця,214.163
хлопчик,281.01
хліб,135.01
хмара,193.096
хмари,113.895
хмаритися,inf
хобі,338.167
хода,inf
ходити,142.777
ходьба,170.277
холод,125.763
холодна,157.243
холодний,197.013
холодно,172.542
хор,207.248
хоробрий,264.177
хоробрість,305.656
хороша,51.0
хороше,163.144
хороший,76.377
хотіння,171.503
хотіти,171.503
хотітися,inf
хочеться,329.479
хочу,227.479
хрест,303.667
хто,346.677
хтось,280.01
худоба,170.795
хустина,252.225
хід,281.01
цар,338.384
цвинтар,306.203
цвіт,204.903
це,360.199
це добре,279.0
це зробити,511.074
центр,324.907
церква,189.76
цивілізація,153.47
цяцянка,198.683
цікава,153.897
цікаве,140.0
цікавий,241.981
цікавити,inf
цікавитись,386.503
цікавитися,451.826
цікаво,230.377
цікавість,188.345
цілком,512.185
ціль,290.709
ціна,451.826
цінний,331.024
цінність,344.542
чай,160.263
час,163.692
часом,311.233
частина тіла,139.1
часто,287.876
часу,263.569
чекання,284.234
чекати,335.116
чемний,368.733
чемність,inf
чемпіон,289.377
червона,133.538
червоне,156.107
червоний,129.679
червоніти,219.989
черевик,188.61
через щось,499.545
черствий,209.677
чесна,204.0
чесний,172.891
чесно,233.15
чесність,111.26
честь,292.692
честі,221.044
чим,324.542
чимось,262.919
чин,316.422
чинити,224.199
чинний,inf
чиновник,330.199
число,419.18
чиста,142.843
чисте,135.995
чистий,138.333
чисто,305.67
чистота,149.513
читати,204.197
чиясь,156.777
чобіт,202.627
чого,291.822
чогось,225.253
чоло,331.088
чоловік,51.0
чоловіка,223.121
чоловічий,193.637
чолов’яга,330.177
чому,318.745
чому?,375.51
чомусь,361.706
чорна,116.796
чорне,125.199
чорний,88.203
чорнило,inf
чорнити,inf
чорно,inf
чорні,157.933
чорніти,361.822
чорт,203.574
чувак,259.313
чудо,203.0
чудова,220.545
чудове,246.0
чудовий,130.063
чудово,181.377
чужа,170.552
чуже,279.4
чужий,94.855
чуйний,347.481
чума,133.153
чути,172.792
чутися,inf
чутка,inf
чутливий,377.767
чуття,274.042
чільний,inf
чітка,317.885
чітко,285.183
шабля,255.294
шанс,216.63
шаровари,238.097
швидка,65.848
швидкий,88.203
швидко,156.777
швидкоплинний,187.248
швидкість,98.403
шепіт,389.51
шерсть,98.131
шеф,262.677
широка,358.421
широкий,125.206
шия,117.671
шкапа,211.254
шкода,199.984
шкодувати,405.71
школа,125.267
шкідлива,295.51
шкіра,316.527
шлюб,100.71
шлях,140.0
шок,210.422
шоколад,107.278
шрифт,271.197
штани,288.403
шукати,423.21
шум,153.47
щаслива,144.467
щасливе,69.333
щасливий,157.576
щасливим,240.417
щасливо,157.436
щастити,498.872
щастю,221.039
щастя,84.155
щедрий,118.26
щира,146.377
щире,207.844
щирий,121.116
щиро,188.591
щирі,128.344
щирість,196.477
що,280.891
що?,358.689
щоденна,220.947
щоденний,274.845
щодня,310.672
щось,183.449
щось зробити,279.003
щось нове,400.544
щось приємне,259.199
щось робити,310.01
юнак,134.748
юність,167.356
я,40.8
яблука,431.989
яблуко,160.107
яблуня,139.974
явище,299.245
ягня,105.595
ягнят,299.467
ягода,236.179
язик,152.135
яйце,90.379
як,349.255
як завжди,323.349
як пень,235.272
як пес,103.677
як стіна,368.989
якось,410.233
якість,136.891
ярмо,187.879
яскрава,161.108
яскраве,103.446
яскравий,161.197
яскраво,358.381
яскраві,114.788
ясна,150.061
ясне,130.831
ясний,126.291
ясно,129.409
ясні,100.09
є,190.155
єдність,224.802
іго,224.712
іграшка,349.255
ігри,246.281
ідеал,330.088
ідея,114.088
ідіот,274.51
із задоволенням,344.228
із собою,251.786
із сорому,325.989
із сусідами,inf
із сусідом,376.204
ілюзія,269.51
імена,387.4
іменем,inf
ім’я,267.01
ім’ям,inf
інколи,256.733
іноді,360.733
інстинкт,248.724
інститут,321.519
інструмент,316.527
інтелект,84.231
інтерес,197.845
інтуїція,290.875
інфаркт,184.241
інформацію,391.792
інформація,185.054
інформацією,262.919
інший,206.355
іншим,227.51
інших,343.297
іній,176.985
існування,87.0
існувати,138.928
іспит,282.094
істина,202.771
істину,233.192
історія,170.41
істота,10.737
іти,290.209
їда,179.81
їжа,125.479
їжу,224.753
їжі,356.979
їзда,inf
їздити,inf
їсти,171.503
їстися,inf
їстівний,inf
їх,383.942
їхати,246.615
її,283.442
ґазда,196.725
ґрунт,121.79
„Експрес”,187.447
„Карпати”,371.697
